ad2-t1-cr05,Loopback0,NO
ad2-t1-cr05,Loopback1,NO
ad2-t1-cr05,Loopback4755,NO
ad2-t1-cr05,GigabitEthernet1/5,YES
ad2-t1-cr05,GigabitEthernet4/1/0,NO
ad2-t1-cr05,GigabitEthernet4/1/0.171,NO
ad2-t1-cr05,GigabitEthernet4/1/0.1552,NO
ad2-t1-cr05,GigabitEthernet4/1/1.406,NO
ad2-t1-cr05,GigabitEthernet4/1/1.676,NO
ad2-t1-cr05,GigabitEthernet4/1/1.1921,NO
ad2-t1-cr05,GigabitEthernet4/1/1.2356,NO
ad2-t1-cr05,GigabitEthernet4/1/1.2548,NO
ad2-t1-cr05,GigabitEthernet4/1/1.2592,NO
ad2-t1-cr05,GigabitEthernet4/1/2,NO
ad2-t1-cr05,POS4/2/2,NO
ad2-t1-cr05,Vlan1,NO
ad2-t1-cr05,Vlan347,NO
ad2-t1-cr05,Vlan357,NO
ad2-t1-cr05,Vlan582,NO
ad2-t1-cr05,Vlan1998,NO
ad2-t1-cr05,Vlan1999,NO
ad2-t1-cr05,Vlan2101,NO
ad2-t1-cr05,Vlan2144,NO
ad2-t1-cr05,Vlan2305,NO
ad2-t1-cr05,Vlan2306,NO
ad2-t1-cr05,Vlan2549,NO
ad2-t1-cr05,Vlan2552,NO
ad2-t1-cr05,Vlan2561,NO
ad2-t1-cr05,Vlan2589,NO
ad2-t1-cr05,Vlan2597,NO
ad2-t1-cr05,Vlan3040,NO
ad2-t1-cr05,Vlan3042,NO
ad2-t1-cr05,Vlan3043,NO
ad2-t1-cr05,Vlan3044,NO
abi-t1a-v38x-sw01,Vlan3040,NO
ad2-t1-of-wi-as07,Vlanif2305,NO
ad2-t1-off-wi6-nob-as02,Vlanif2305,NO
ad2-t1-off-wi6-cha-as01,Vlanif2305,NO
ad2-t1-of-wi6-as08,Vlanif322,NO
ad2-t1-of-wi6-as08,Vlanif2305,NO
Primary_Hub.txt,Loopback0,NO
Primary_Hub.txt,Loopback1,NO
Primary_Hub.txt,Loopback3,NO
Primary_Hub.txt,Loopback5,NO
Primary_Hub.txt,Loopback6,NO
Primary_Hub.txt,GigabitEthernet0/0/0,YES
Primary_Hub.txt,GigabitEthernet0/0/2.501,NO
Primary_Hub.txt,GigabitEthernet0/0/2.502,NO
Primary_Hub.txt,GigabitEthernet0/0/3.301,NO
Primary_Hub.txt,GigabitEthernet0/0/3.302,NO
Primary_Hub.txt,TenGigabitEthernet0/1/0.101,NO
Primary_Hub.txt,TenGigabitEthernet0/1/0.102,NO
Primary_Hub.txt,TenGigabitEthernet0/1/0.105,NO
Primary_Hub.txt,TenGigabitEthernet0/1/0.106,NO
Primary_Hub.txt,TenGigabitEthernet0/1/1,NO
ad2-t1-b1-as04,Vlanif3040,NO
ad2-t1-of-wi-as02,Vlanif2305,NO
sample.txt,Ethernet0/0,NO
sample.txt,Serial1/0,NO
sample.txt,Serial1/1,NO
sample.txt,Serial1/2,NO
Secondary_Hub.txt,Loopback0,NO
Secondary_Hub.txt,Loopback1,NO
Secondary_Hub.txt,Loopback3,NO
Secondary_Hub.txt,Loopback5,NO
Secondary_Hub.txt,Loopback6,NO
Secondary_Hub.txt,GigabitEthernet0/0/0,NO
Secondary_Hub.txt,GigabitEthernet0/0/3.501,NO
Secondary_Hub.txt,GigabitEthernet0/0/3.502,NO
Secondary_Hub.txt,TenGigabitEthernet0/1/0.101,NO
Secondary_Hub.txt,TenGigabitEthernet0/1/0.102,NO
Secondary_Hub.txt,TenGigabitEthernet0/1/0.103,NO
Secondary_Hub.txt,TenGigabitEthernet0/1/0.678,NO
Secondary_Hub.txt,TenGigabitEthernet0/1/1,NO
ad2-t1-of-wi-as06,Vlanif2305,NO
ad2-t1-cr04,Loopback0,NO
ad2-t1-cr04,Loopback1,NO
ad2-t1-cr04,Loopback10,NO
ad2-t1-cr04,Loopback1234,NO
ad2-t1-cr04,Loopback7777,NO
ad2-t1-cr04,Loopback12345,NO
ad2-t1-cr04,GigabitEthernet1/2,YES
ad2-t1-cr04,GigabitEthernet1/9.3999,NO
ad2-t1-cr04,GigabitEthernet1/10,YES
ad2-t1-cr04,GigabitEthernet2/2,YES
ad2-t1-cr04,GigabitEthernet3/0/1.112,NO
ad2-t1-cr04,GigabitEthernet3/0/1.117,NO
ad2-t1-cr04,GigabitEthernet3/0/1.118,NO
ad2-t1-cr04,GigabitEthernet3/0/1.126,NO
ad2-t1-cr04,GigabitEthernet3/0/1.127,NO
ad2-t1-cr04,GigabitEthernet3/0/1.128,NO
ad2-t1-cr04,GigabitEthernet3/0/1.129,NO
ad2-t1-cr04,GigabitEthernet3/0/1.146,NO
ad2-t1-cr04,GigabitEthernet3/0/1.147,NO
ad2-t1-cr04,GigabitEthernet3/0/1.156,NO
ad2-t1-cr04,GigabitEthernet3/0/1.160,NO
ad2-t1-cr04,GigabitEthernet3/0/1.161,NO
ad2-t1-cr04,GigabitEthernet3/0/1.163,NO
ad2-t1-cr04,GigabitEthernet3/0/1.174,NO
ad2-t1-cr04,GigabitEthernet3/0/1.180,NO
ad2-t1-cr04,GigabitEthernet3/0/1.430,NO
ad2-t1-cr04,GigabitEthernet3/0/1.538,NO
ad2-t1-cr04,GigabitEthernet3/0/1.2012,NO
ad2-t1-cr04,GigabitEthernet3/0/1.2356,NO
ad2-t1-cr04,GigabitEthernet3/0/1.2871,NO
ad2-t1-cr04,GigabitEthernet3/0/2,NO
ad2-t1-cr04,GigabitEthernet3/0/3,NO
ad2-t1-cr04,GigabitEthernet4/0/0.122,NO
ad2-t1-cr04,GigabitEthernet4/0/0.123,NO
ad2-t1-cr04,GigabitEthernet4/0/0.132,NO
ad2-t1-cr04,GigabitEthernet4/0/0.139,NO
ad2-t1-cr04,GigabitEthernet4/0/0.158,NO
ad2-t1-cr04,GigabitEthernet4/0/0.185,NO
ad2-t1-cr04,GigabitEthernet4/0/0.189,NO
ad2-t1-cr04,GigabitEthernet4/0/0.196,NO
ad2-t1-cr04,GigabitEthernet4/0/0.199,NO
ad2-t1-cr04,GigabitEthernet4/0/0.206,NO
ad2-t1-cr04,GigabitEthernet4/0/0.209,NO
ad2-t1-cr04,GigabitEthernet4/0/0.213,NO
ad2-t1-cr04,GigabitEthernet4/0/0.249,NO
ad2-t1-cr04,GigabitEthernet4/0/0.268,NO
ad2-t1-cr04,GigabitEthernet4/0/0.270,NO
ad2-t1-cr04,GigabitEthernet4/0/0.276,NO
ad2-t1-cr04,GigabitEthernet4/0/0.281,NO
ad2-t1-cr04,GigabitEthernet4/0/0.283,NO
ad2-t1-cr04,GigabitEthernet4/0/0.284,NO
ad2-t1-cr04,GigabitEthernet4/0/0.285,NO
ad2-t1-cr04,GigabitEthernet4/0/0.294,NO
ad2-t1-cr04,GigabitEthernet4/0/0.323,NO
ad2-t1-cr04,GigabitEthernet4/0/0.409,NO
ad2-t1-cr04,GigabitEthernet4/0/0.415,NO
ad2-t1-cr04,GigabitEthernet4/0/0.417,NO
ad2-t1-cr04,GigabitEthernet4/0/0.436,NO
ad2-t1-cr04,GigabitEthernet4/0/0.437,NO
ad2-t1-cr04,GigabitEthernet4/0/0.483,NO
ad2-t1-cr04,GigabitEthernet4/0/0.485,NO
ad2-t1-cr04,GigabitEthernet4/0/0.486,NO
ad2-t1-cr04,GigabitEthernet4/0/0.488,NO
ad2-t1-cr04,GigabitEthernet4/0/0.490,NO
ad2-t1-cr04,GigabitEthernet4/0/0.491,NO
ad2-t1-cr04,GigabitEthernet4/0/0.497,NO
ad2-t1-cr04,GigabitEthernet4/0/0.505,NO
ad2-t1-cr04,GigabitEthernet4/0/0.509,NO
ad2-t1-cr04,GigabitEthernet4/0/0.531,NO
ad2-t1-cr04,GigabitEthernet4/0/0.532,NO
ad2-t1-cr04,GigabitEthernet4/0/0.539,NO
ad2-t1-cr04,GigabitEthernet4/0/0.1900,NO
ad2-t1-cr04,GigabitEthernet4/0/0.1901,NO
ad2-t1-cr04,GigabitEthernet4/0/0.2100,NO
ad2-t1-cr04,GigabitEthernet4/0/0.2370,NO
ad2-t1-cr04,GigabitEthernet4/0/0.2372,NO
ad2-t1-cr04,GigabitEthernet4/0/0.2385,NO
ad2-t1-cr04,GigabitEthernet4/0/0.2386,NO
ad2-t1-cr04,GigabitEthernet4/0/0.2387,NO
ad2-t1-cr04,GigabitEthernet4/0/0.2397,NO
ad2-t1-cr04,GigabitEthernet4/0/0.2974,NO
ad2-t1-cr04,GigabitEthernet4/0/0.3550,NO
ad2-t1-cr04,GigabitEthernet4/0/0.3568,NO
ad2-t1-cr04,GigabitEthernet4/0/0.3569,NO
ad2-t1-cr04,GigabitEthernet4/0/0.3605,NO
ad2-t1-cr04,GigabitEthernet4/0/0.3773,NO
ad2-t1-cr04,GigabitEthernet4/0/0.3890,NO
ad2-t1-cr04,GigabitEthernet4/0/0.3901,NO
ad2-t1-cr04,GigabitEthernet4/0/0.3902,NO
ad2-t1-cr04,GigabitEthernet4/0/0.3916,NO
ad2-t1-cr04,GigabitEthernet4/0/0.3969,NO
ad2-t1-cr04,GigabitEthernet4/0/1,NO
ad2-t1-cr04,GigabitEthernet4/0/2,NO
ad2-t1-cr04,GigabitEthernet4/0/3,NO
ad2-t1-cr04,GigabitEthernet4/0/4,NO
ad2-t1-cr04,Vlan10,NO
ad2-t1-cr04,Vlan103,NO
ad2-t1-cr04,Vlan104,NO
ad2-t1-cr04,Vlan110,NO
ad2-t1-cr04,Vlan111,NO
ad2-t1-cr04,Vlan113,NO
ad2-t1-cr04,Vlan116,NO
ad2-t1-cr04,Vlan121,NO
ad2-t1-cr04,Vlan124,NO
ad2-t1-cr04,Vlan130,NO
ad2-t1-cr04,Vlan133,NO
ad2-t1-cr04,Vlan135,NO
ad2-t1-cr04,Vlan136,NO
ad2-t1-cr04,Vlan141,NO
ad2-t1-cr04,Vlan143,NO
ad2-t1-cr04,Vlan148,NO
ad2-t1-cr04,Vlan152,NO
ad2-t1-cr04,Vlan153,NO
ad2-t1-cr04,Vlan154,NO
ad2-t1-cr04,Vlan155,NO
ad2-t1-cr04,Vlan159,NO
ad2-t1-cr04,Vlan165,NO
ad2-t1-cr04,Vlan166,NO
ad2-t1-cr04,Vlan167,NO
ad2-t1-cr04,Vlan168,NO
ad2-t1-cr04,Vlan169,NO
ad2-t1-cr04,Vlan170,NO
ad2-t1-cr04,Vlan172,NO
ad2-t1-cr04,Vlan173,NO
ad2-t1-cr04,Vlan177,NO
ad2-t1-cr04,Vlan178,NO
ad2-t1-cr04,Vlan179,NO
ad2-t1-cr04,Vlan182,NO
ad2-t1-cr04,Vlan183,NO
ad2-t1-cr04,Vlan187,NO
ad2-t1-cr04,Vlan188,NO
ad2-t1-cr04,Vlan190,NO
ad2-t1-cr04,Vlan191,NO
ad2-t1-cr04,Vlan193,NO
ad2-t1-cr04,Vlan194,NO
ad2-t1-cr04,Vlan195,NO
ad2-t1-cr04,Vlan197,NO
ad2-t1-cr04,Vlan198,NO
ad2-t1-cr04,Vlan200,NO
ad2-t1-cr04,Vlan204,NO
ad2-t1-cr04,Vlan216,NO
ad2-t1-cr04,Vlan218,NO
ad2-t1-cr04,Vlan224,NO
ad2-t1-cr04,Vlan226,NO
ad2-t1-cr04,Vlan227,NO
ad2-t1-cr04,Vlan228,NO
ad2-t1-cr04,Vlan230,NO
ad2-t1-cr04,Vlan232,NO
ad2-t1-cr04,Vlan233,NO
ad2-t1-cr04,Vlan238,NO
ad2-t1-cr04,Vlan240,NO
ad2-t1-cr04,Vlan242,NO
ad2-t1-cr04,Vlan244,NO
ad2-t1-cr04,Vlan245,NO
ad2-t1-cr04,Vlan247,NO
ad2-t1-cr04,Vlan251,NO
ad2-t1-cr04,Vlan252,NO
ad2-t1-cr04,Vlan253,NO
ad2-t1-cr04,Vlan254,NO
ad2-t1-cr04,Vlan255,NO
ad2-t1-cr04,Vlan257,NO
ad2-t1-cr04,Vlan259,NO
ad2-t1-cr04,Vlan261,NO
ad2-t1-cr04,Vlan262,NO
ad2-t1-cr04,Vlan263,NO
ad2-t1-cr04,Vlan265,NO
ad2-t1-cr04,Vlan266,NO
ad2-t1-cr04,Vlan267,NO
ad2-t1-cr04,Vlan269,NO
ad2-t1-cr04,Vlan272,NO
ad2-t1-cr04,Vlan275,NO
ad2-t1-cr04,Vlan277,NO
ad2-t1-cr04,Vlan279,NO
ad2-t1-cr04,Vlan280,NO
ad2-t1-cr04,Vlan286,NO
ad2-t1-cr04,Vlan288,NO
ad2-t1-cr04,Vlan289,NO
ad2-t1-cr04,Vlan295,NO
ad2-t1-cr04,Vlan296,NO
ad2-t1-cr04,Vlan298,NO
ad2-t1-cr04,Vlan299,NO
ad2-t1-cr04,Vlan303,NO
ad2-t1-cr04,Vlan307,NO
ad2-t1-cr04,Vlan308,NO
ad2-t1-cr04,Vlan309,NO
ad2-t1-cr04,Vlan313,NO
ad2-t1-cr04,Vlan314,NO
ad2-t1-cr04,Vlan319,NO
ad2-t1-cr04,Vlan328,NO
ad2-t1-cr04,Vlan333,NO
ad2-t1-cr04,Vlan334,NO
ad2-t1-cr04,Vlan403,NO
ad2-t1-cr04,Vlan406,NO
ad2-t1-cr04,Vlan408,NO
ad2-t1-cr04,Vlan410,NO
ad2-t1-cr04,Vlan411,NO
ad2-t1-cr04,Vlan416,NO
ad2-t1-cr04,Vlan419,NO
ad2-t1-cr04,Vlan420,NO
ad2-t1-cr04,Vlan421,NO
ad2-t1-cr04,Vlan423,NO
ad2-t1-cr04,Vlan426,NO
ad2-t1-cr04,Vlan428,NO
ad2-t1-cr04,Vlan434,NO
ad2-t1-cr04,Vlan440,NO
ad2-t1-cr04,Vlan441,NO
ad2-t1-cr04,Vlan445,NO
ad2-t1-cr04,Vlan447,NO
ad2-t1-cr04,Vlan452,NO
ad2-t1-cr04,Vlan458,NO
ad2-t1-cr04,Vlan461,NO
ad2-t1-cr04,Vlan462,NO
ad2-t1-cr04,Vlan463,NO
ad2-t1-cr04,Vlan464,NO
ad2-t1-cr04,Vlan466,NO
ad2-t1-cr04,Vlan467,NO
ad2-t1-cr04,Vlan473,NO
ad2-t1-cr04,Vlan474,NO
ad2-t1-cr04,Vlan475,NO
ad2-t1-cr04,Vlan477,NO
ad2-t1-cr04,Vlan478,NO
ad2-t1-cr04,Vlan479,NO
ad2-t1-cr04,Vlan480,NO
ad2-t1-cr04,Vlan481,NO
ad2-t1-cr04,Vlan487,NO
ad2-t1-cr04,Vlan494,NO
ad2-t1-cr04,Vlan495,NO
ad2-t1-cr04,Vlan496,NO
ad2-t1-cr04,Vlan500,NO
ad2-t1-cr04,Vlan501,NO
ad2-t1-cr04,Vlan502,NO
ad2-t1-cr04,Vlan503,NO
ad2-t1-cr04,Vlan507,NO
ad2-t1-cr04,Vlan508,NO
ad2-t1-cr04,Vlan511,NO
ad2-t1-cr04,Vlan512,NO
ad2-t1-cr04,Vlan516,NO
ad2-t1-cr04,Vlan517,NO
ad2-t1-cr04,Vlan519,NO
ad2-t1-cr04,Vlan520,NO
ad2-t1-cr04,Vlan522,NO
ad2-t1-cr04,Vlan525,NO
ad2-t1-cr04,Vlan529,NO
ad2-t1-cr04,Vlan533,NO
ad2-t1-cr04,Vlan534,NO
ad2-t1-cr04,Vlan535,NO
ad2-t1-cr04,Vlan536,NO
ad2-t1-cr04,Vlan691,NO
ad2-t1-cr04,Vlan1250,NO
ad2-t1-cr04,Vlan1252,NO
ad2-t1-cr04,Vlan1253,NO
ad2-t1-cr04,Vlan1254,NO
ad2-t1-cr04,Vlan1255,NO
ad2-t1-cr04,Vlan1256,NO
ad2-t1-cr04,Vlan1257,NO
ad2-t1-cr04,Vlan1258,NO
ad2-t1-cr04,Vlan1259,NO
ad2-t1-cr04,Vlan1260,NO
ad2-t1-cr04,Vlan1278,NO
ad2-t1-cr04,Vlan1279,NO
ad2-t1-cr04,Vlan1357,NO
ad2-t1-cr04,Vlan1852,NO
ad2-t1-cr04,Vlan1854,NO
ad2-t1-cr04,Vlan1857,NO
ad2-t1-cr04,Vlan1858,NO
ad2-t1-cr04,Vlan1861,NO
ad2-t1-cr04,Vlan1878,NO
ad2-t1-cr04,Vlan1879,NO
ad2-t1-cr04,Vlan1999,NO
ad2-t1-cr04,Vlan2001,NO
ad2-t1-cr04,Vlan2009,NO
ad2-t1-cr04,Vlan2010,NO
ad2-t1-cr04,Vlan2011,NO
ad2-t1-cr04,Vlan2014,NO
ad2-t1-cr04,Vlan2015,NO
ad2-t1-cr04,Vlan2305,NO
ad2-t1-cr04,Vlan2307,NO
ad2-t1-cr04,Vlan2308,NO
ad2-t1-cr04,Vlan2309,NO
ad2-t1-cr04,Vlan2310,NO
ad2-t1-cr04,Vlan2311,NO
ad2-t1-cr04,Vlan2312,NO
ad2-t1-cr04,Vlan2313,NO
ad2-t1-cr04,Vlan2314,NO
ad2-t1-cr04,Vlan2315,NO
ad2-t1-cr04,Vlan2316,NO
ad2-t1-cr04,Vlan2317,NO
ad2-t1-cr04,Vlan2318,NO
ad2-t1-cr04,Vlan2319,NO
ad2-t1-cr04,Vlan2320,NO
ad2-t1-cr04,Vlan2321,NO
ad2-t1-cr04,Vlan2322,NO
ad2-t1-cr04,Vlan2323,NO
ad2-t1-cr04,Vlan2326,NO
ad2-t1-cr04,Vlan2327,NO
ad2-t1-cr04,Vlan2328,NO
ad2-t1-cr04,Vlan2331,NO
ad2-t1-cr04,Vlan2334,NO
ad2-t1-cr04,Vlan2349,NO
ad2-t1-cr04,Vlan2354,NO
ad2-t1-cr04,Vlan2373,NO
ad2-t1-cr04,Vlan2375,NO
ad2-t1-cr04,Vlan2376,NO
ad2-t1-cr04,Vlan2377,NO
ad2-t1-cr04,Vlan2390,NO
ad2-t1-cr04,Vlan2391,NO
ad2-t1-cr04,Vlan2392,NO
ad2-t1-cr04,Vlan2394,NO
ad2-t1-cr04,Vlan2395,NO
ad2-t1-cr04,Vlan2599,NO
ad2-t1-cr04,Vlan2653,NO
ad2-t1-cr04,Vlan2696,NO
ad2-t1-cr04,Vlan2699,NO
ad2-t1-cr04,Vlan2717,NO
ad2-t1-cr04,Vlan2724,NO
ad2-t1-cr04,Vlan2735,NO
ad2-t1-cr04,Vlan2755,NO
ad2-t1-cr04,Vlan2849,NO
ad2-t1-cr04,Vlan2850,NO
ad2-t1-cr04,Vlan2869,NO
ad2-t1-cr04,Vlan2883,NO
ad2-t1-cr04,Vlan2884,NO
ad2-t1-cr04,Vlan3040,NO
ad2-t1-cr04,Vlan3045,NO
ad2-t1-cr04,Vlan3046,NO
ad2-t1-cr04,Vlan3047,NO
ad2-t1-cr04,Vlan3048,NO
ad2-t1-cr04,Vlan3050,NO
ad2-t1-cr04,Vlan3500,NO
ad2-t1-cr04,Vlan3553,NO
ad2-t1-cr04,Vlan3554,NO
ad2-t1-cr04,Vlan3555,NO
ad2-t1-cr04,Vlan3560,NO
ad2-t1-cr04,Vlan3561,NO
ad2-t1-cr04,Vlan3563,NO
ad2-t1-cr04,Vlan3564,NO
ad2-t1-cr04,Vlan3565,NO
ad2-t1-cr04,Vlan3567,NO
ad2-t1-cr04,Vlan3571,NO
ad2-t1-cr04,Vlan3573,NO
ad2-t1-cr04,Vlan3574,NO
ad2-t1-cr04,Vlan3576,NO
ad2-t1-cr04,Vlan3579,NO
ad2-t1-cr04,Vlan3580,NO
ad2-t1-cr04,Vlan3582,NO
ad2-t1-cr04,Vlan3584,NO
ad2-t1-cr04,Vlan3590,NO
ad2-t1-cr04,Vlan3592,NO
ad2-t1-cr04,Vlan3595,NO
ad2-t1-cr04,Vlan3596,NO
ad2-t1-cr04,Vlan3599,NO
ad2-t1-cr04,Vlan3600,NO
ad2-t1-cr04,Vlan3606,NO
ad2-t1-cr04,Vlan3612,NO
ad2-t1-cr04,Vlan3616,NO
ad2-t1-cr04,Vlan3617,NO
ad2-t1-cr04,Vlan3621,NO
ad2-t1-cr04,Vlan3623,NO
ad2-t1-cr04,Vlan3626,NO
ad2-t1-cr04,Vlan3627,NO
ad2-t1-cr04,Vlan3628,NO
ad2-t1-cr04,Vlan3629,NO
ad2-t1-cr04,Vlan3637,NO
ad2-t1-cr04,Vlan3641,NO
ad2-t1-cr04,Vlan3687,NO
ad2-t1-cr04,Vlan3852,NO
ad2-t1-cr04,Vlan3859,NO
ad2-t1-cr04,Vlan3862,NO
ad2-t1-cr04,Vlan3870,NO
ad2-t1-cr04,Vlan3871,NO
ad2-t1-cr04,Vlan3872,NO
ad2-t1-cr04,Vlan3873,NO
ad2-t1-cr04,Vlan3874,NO
ad2-t1-cr04,Vlan3875,NO
ad2-t1-cr04,Vlan3876,NO
ad2-t1-cr04,Vlan3878,NO
ad2-t1-cr04,Vlan3881,NO
ad2-t1-cr04,Vlan3882,NO
ad2-t1-cr04,Vlan3894,NO
ad2-t1-cr04,Vlan3896,NO
ad2-t1-cr04,Vlan3900,NO
ad2-t1-cr04,Vlan3904,NO
ad2-t1-cr04,Vlan3905,NO
ad2-t1-cr04,Vlan3911,NO
ad2-t1-cr04,Vlan3914,NO
ad2-t1-cr04,Vlan3918,NO
ad2-t1-cr04,Vlan3922,NO
ad2-t1-cr04,Vlan3923,NO
ad2-t1-cr04,Vlan3924,NO
ad2-t1-cr04,Vlan3927,NO
ad2-t1-cr04,Vlan3931,NO
ad2-t1-cr04,Vlan3933,NO
ad2-t1-cr04,Vlan3934,NO
ad2-t1-cr04,Vlan3935,NO
ad2-t1-cr04,Vlan3936,NO
ad2-t1-cr04,Vlan3939,NO
ad2-t1-cr04,Vlan3941,NO
ad2-t1-cr04,Vlan3942,NO
ad2-t1-cr04,Vlan3943,NO
ad2-t1-cr04,Vlan3950,NO
ad2-t1-cr04,Vlan3951,NO
ad2-t1-cr04,Vlan3954,NO
ad2-t1-cr04,Vlan3955,NO
ad2-t1-cr04,Vlan3960,NO
ad2-t1-cr04,Vlan3961,NO
ad2-t1-cr04,Vlan3966,NO
ad2-t1-cr04,Vlan3967,NO
ad2-t1-cr04,Vlan3972,NO
ad2-t1-cr04,Vlan3975,NO
ad2-t1-cr04,Vlan3976,NO
ad2-t1-cr04,Vlan3982,NO
ad2-t1-cr04,Vlan3986,NO
ad2-t1-cr04,Vlan3989,NO
ad2-t1-cr04,Vlan3996,NO
ad2-t1-off-cam-wi6-as01,Vlanif2305,NO
abi-t1a-v38x-rt02-kpi-ts,Loopback0,NO
abi-t1a-v38x-rt02-kpi-ts,GigabitEthernet0/0.2400,NO
abi-t1a-v38x-rt02-kpi-ts,GigabitEthernet0/0.3041,NO
abi-t1a-v38x-rt02-kpi-ts,GigabitEthernet0/1,YES
ad2-t1-cr03,Loopback0,NO
ad2-t1-cr03,Loopback1,NO
ad2-t1-cr03,Loopback777,NO
ad2-t1-cr03,Loopback12345,NO
ad2-t1-cr03,GigabitEthernet0/1,YES
ad2-t1-cr03,GigabitEthernet0/1.1550,NO
ad2-t1-cr03,GigabitEthernet0/2.10,NO
ad2-t1-cr03,GigabitEthernet0/2.139,NO
ad2-t1-cr03,GigabitEthernet0/2.172,NO
ad2-t1-cr03,GigabitEthernet0/2.236,NO
ad2-t1-cr03,GigabitEthernet0/2.395,NO
ad2-t1-cr03,GigabitEthernet0/2.402,NO
ad2-t1-cr03,GigabitEthernet0/2.2305,NO
ad2-t1-cr03,GigabitEthernet0/2.2453,NO
ad2-t1-cr03,GigabitEthernet0/2.2851,NO
ad2-t1-cr03,GigabitEthernet0/2.2854,NO
ad2-t1-cr03,GigabitEthernet0/2.2880,NO
ad2-t1-cr03,GigabitEthernet0/2.2955,NO
ad2-t1-cr03,GigabitEthernet0/2.3050,NO
ad2-t1-cr03,GigabitEthernet0/2.3401,NO
ad2-t1-cr03,GigabitEthernet0/2.3444,NO
ad2-t1-cr03,GigabitEthernet0/2.3640,NO
ad2-t1-cr03,GigabitEthernet0/2.3650,NO
ad2-t1-cr03,GigabitEthernet0/2.3775,NO
ad2-t1-cr03,GigabitEthernet0/3,YES
ad2-t1-cr03,GigabitEthernet0/3.1550,NO
ad2-t1-cr03,Serial4/0,NO
